id,focus,signal,slack,drag,confidence,score,lane,kind,invariant
g001,file span,106,29,15,45,512,ship,baseline,monotonic-signal
g002,terminal width,75,58,12,84,536,ship,edge,drag-penalty
g003,argument risk,107,75,12,96,722,ship,recovery,confidence-floor
g004,report density,82,16,35,33,286,ship,negative,lane-boundary
g005,file span,73,59,6,49,484,ship,baseline,monotonic-signal
g006,terminal width,72,13,14,104,466,ship,edge,drag-penalty
g007,argument risk,31,63,19,93,360,ship,recovery,confidence-floor
g008,report density,102,20,44,92,456,ship,negative,lane-boundary
g009,file span,97,36,37,53,418,ship,baseline,monotonic-signal
g010,terminal width,98,47,14,38,506,ship,edge,drag-penalty
g011,argument risk,58,20,4,35,326,ship,recovery,confidence-floor
g012,report density,86,44,43,38,336,ship,negative,lane-boundary
g013,file span,59,23,26,44,266,ship,baseline,monotonic-signal
g014,terminal width,49,50,15,52,340,ship,edge,drag-penalty
g015,argument risk,92,31,11,103,592,ship,recovery,confidence-floor
g016,report density,117,24,10,47,570,ship,negative,lane-boundary
g017,file span,45,58,11,24,300,ship,baseline,monotonic-signal
g018,terminal width,100,43,34,103,556,ship,edge,drag-penalty
g019,argument risk,43,38,5,61,350,ship,recovery,confidence-floor
g020,report density,62,73,34,44,346,ship,negative,lane-boundary
g021,file span,75,23,29,83,396,ship,baseline,monotonic-signal
g022,terminal width,41,70,28,95,382,ship,edge,drag-penalty
g023,argument risk,72,61,8,32,442,ship,recovery,confidence-floor
g024,report density,91,59,42,48,410,ship,negative,lane-boundary
g025,file span,60,58,39,103,406,ship,baseline,monotonic-signal
g026,terminal width,92,63,39,92,522,ship,edge,drag-penalty
g027,argument risk,111,33,20,91,612,ship,recovery,confidence-floor
g028,report density,80,20,33,52,332,ship,negative,lane-boundary
g029,file span,112,51,41,37,460,ship,baseline,monotonic-signal
g030,terminal width,44,34,4,34,296,ship,edge,drag-penalty
g031,argument risk,101,63,29,37,488,ship,recovery,confidence-floor
g032,report density,59,10,22,43,254,ship,negative,lane-boundary
g033,file span,116,21,41,51,444,ship,baseline,monotonic-signal
g034,terminal width,60,64,31,102,448,ship,edge,drag-penalty
g035,argument risk,35,18,28,46,156,watch,recovery,confidence-floor
g036,report density,114,68,11,23,594,ship,negative,lane-boundary
g037,file span,113,25,42,102,538,ship,baseline,monotonic-signal
g038,terminal width,72,41,38,60,338,ship,edge,drag-penalty
g039,argument risk,55,52,37,43,262,ship,recovery,confidence-floor
g040,report density,50,25,38,82,262,ship,negative,lane-boundary
g041,file span,51,49,19,94,414,ship,baseline,monotonic-signal
g042,terminal width,99,28,32,31,386,ship,edge,drag-penalty
g043,argument risk,39,55,19,47,284,ship,recovery,confidence-floor
g044,report density,100,36,14,102,620,ship,negative,lane-boundary
g045,file span,90,29,13,91,548,ship,baseline,monotonic-signal
g046,terminal width,45,63,35,90,346,ship,edge,drag-penalty
g047,argument risk,70,48,27,51,370,ship,recovery,confidence-floor
g048,report density,86,43,24,36,406,ship,negative,lane-boundary
g049,file span,53,8,24,33,198,ship,baseline,monotonic-signal
g050,terminal width,84,28,5,36,444,ship,edge,drag-penalty
g051,argument risk,103,75,18,42,574,ship,recovery,confidence-floor
g052,report density,116,66,26,50,592,ship,negative,lane-boundary
g053,file span,82,64,31,101,534,ship,baseline,monotonic-signal
g054,terminal width,113,63,14,45,612,ship,edge,drag-penalty
g055,argument risk,44,68,7,22,328,ship,recovery,confidence-floor
g056,report density,101,38,26,101,578,ship,negative,lane-boundary
g057,file span,45,25,16,59,284,ship,baseline,monotonic-signal
g058,terminal width,64,56,13,42,400,ship,edge,drag-penalty
g059,argument risk,33,39,38,81,220,ship,recovery,confidence-floor
g060,report density,65,68,27,93,474,ship,negative,lane-boundary
g061,file span,85,15,23,30,338,ship,baseline,monotonic-signal
g062,terminal width,54,26,22,46,272,ship,edge,drag-penalty
g063,argument risk,100,69,23,101,648,ship,recovery,confidence-floor
g064,report density,69,23,4,90,486,ship,negative,lane-boundary
g065,file span,101,73,17,89,660,ship,baseline,monotonic-signal
g066,terminal width,76,30,4,50,448,ship,edge,drag-penalty
g067,argument risk,67,46,41,35,266,ship,recovery,confidence-floor
g068,report density,66,57,40,32,282,ship,negative,lane-boundary
g069,file span,113,30,20,35,502,ship,baseline,monotonic-signal
g070,terminal width,96,54,12,41,526,ship,edge,drag-penalty
g071,argument risk,91,33,9,49,492,ship,recovery,confidence-floor
g072,report density,92,60,9,100,652,ship,negative,lane-boundary
g073,file span,52,41,32,44,250,ship,baseline,monotonic-signal
g074,terminal width,80,34,45,21,250,ship,edge,drag-penalty
g075,argument risk,53,68,11,100,504,ship,recovery,confidence-floor
g076,report density,43,53,16,58,330,ship,negative,lane-boundary
g077,file span,86,48,41,41,358,ship,baseline,monotonic-signal
g078,terminal width,111,13,34,80,494,ship,edge,drag-penalty
g079,argument risk,39,33,11,92,362,ship,recovery,confidence-floor
g080,report density,94,10,43,29,282,ship,negative,lane-boundary
g081,file span,37,71,40,45,220,ship,baseline,monotonic-signal
g082,terminal width,56,69,23,100,470,ship,edge,drag-penalty
g083,argument risk,69,68,12,89,542,ship,recovery,confidence-floor
g084,report density,35,73,8,88,430,ship,negative,lane-boundary
g085,file span,66,43,7,49,420,ship,baseline,monotonic-signal
g086,terminal width,85,30,8,34,436,ship,edge,drag-penalty
g087,argument risk,54,61,31,31,276,ship,recovery,confidence-floor
g088,report density,86,44,44,34,324,ship,negative,lane-boundary
g089,file span,105,73,31,40,522,ship,baseline,monotonic-signal
g090,terminal width,74,20,26,48,328,ship,edge,drag-penalty
g091,argument risk,106,31,25,99,584,ship,recovery,confidence-floor
g092,report density,38,74,5,43,366,ship,negative,lane-boundary
g093,file span,95,28,39,20,320,ship,baseline,monotonic-signal
g094,terminal width,53,8,36,99,282,ship,edge,drag-penalty
g095,argument risk,110,35,36,57,480,ship,recovery,confidence-floor
g096,report density,54,51,17,40,330,ship,negative,lane-boundary
